gmapsurl,name,stars,nreviews,type,address,closingtime,businesspic,comment
https://www.google.com/maps/place/McCormick+Place/data=!4m7!3m6!1s0x880e2b8114325857:0xde54f80e4327f5e2!8m2!3d41.8527221!4d-87.6158294!16zL20vMGM3bWg!19sChIJV1gyFIErDogR4vUnQw74VN4?authuser=0&hl=en&rclk=1,McCormick Place,4.5,"-13,051",Convention center,2301 S Martin Luther King Dr,⋅ Closes 10 PM,https://lh5.googleusercontent.com/p/AF1QipNWSIHYdr5mwMyWGpmpch6fOE9olEnRyvMM3JA_=w173-h92-k-no,"""Huge conference center."""
https://www.google.com/maps/place/Together+by+Hyatt/data=!4m7!3m6!1s0x880e2db65b930b4f:0x973e9f49c51afd3d!8m2!3d41.8877218!4d-87.6228383!16s%2Fg%2F11vbcxc2mz!19sChIJTwuTW7YtDogRPf0axUmfPpc?authuser=0&hl=en&rclk=1,Together by Hyatt,,,Convention center,151 E Wacker Dr,,https://streetviewpixels-pa.googleapis.com/v1/thumbnail?panoid=oLYFRFAs9FOqj_Cbti2c6w&cb_client=search.gws-prod.gps&w=80&h=92&yaw=283.08023&pitch=0&thumbfov=100,
https://www.google.com/maps/place/Merchandise+Mart+Conference+Hall/data=!4m7!3m6!1s0x880e2cb6fb2adfc1:0x61c8006c8f31717b!8m2!3d41.8884096!4d-87.6354498!16s%2Fg%2F11r9cs3s9!19sChIJwd8q-7YsDogRe3Exj2wAyGE?authuser=0&hl=en&rclk=1,Merchandise Mart Conference Hall,4.7,-179,Conference center,222 W Merchandise Mart Plaza,,https://lh5.googleusercontent.com/p/AF1QipN1QUKDwSJtm1vKhiK_jmz5oqE3Ah9N3CGCIxNW=w80-h106-k-no,"""Nice exhebition center"""
https://www.google.com/maps/place/Lawndale+Christian+Health+Center+Skyline+Conference+Center/data=!4m7!3m6!1s0x880e325e66be2357:0xc5f0c7ed9ac348c6!8m2!3d41.853396!4d-87.719325!16s%2Fg%2F11dylxryt3!19sChIJVyO-Zl4yDogRxkjDmu3H8MU?authuser=0&hl=en&rclk=1,Lawndale Christian Health Center Skyline Conference Center,4.8,-12,Conference center,"3750 West, W Ogden Ave 4th Floor",⋅ Closes 9 PM,https://lh5.googleusercontent.com/p/AF1QipNqK5eRR7dP11C-Na_tuH6Z8JacjZyoPfqAqrc=w80-h106-k-no,
"https://www.google.com/maps/place/McCormick+Place+Lakeside+Center,+East+Building/data=!4m7!3m6!1s0x880e2b80c4121197:0x72ccc5d868eedc85!8m2!3d41.8523139!4d-87.6118774!16s%2Fg%2F11g8np5w3r!19sChIJlxESxIArDogRhdzuaNjFzHI?authuser=0&hl=en&rclk=1","McCormick Place Lakeside Center, East Building",4.4,-294,Convention center,2301 S DuSable Lake Shore Dr,⋅ Closes 12 AM,https://lh5.googleusercontent.com/p/AF1QipOHH4LLsUSYD00F0VfRO26_P7J4hnwkcus5LRqo=w122-h92-k-no,"""Nice convention center"""
https://www.google.com/maps/place/AMA+Chicago+Executive+Conference+Center/data=!4m7!3m6!1s0x880e2d219516b061:0x2516dba397769473!8m2!3d41.8860956!4d-87.6236377!16s%2Fg%2F11g4cncfgn!19sChIJYbAWlSEtDogRc5R2l6PbFiU?authuser=0&hl=en&rclk=1,AMA Chicago Executive Conference Center,,,Conference center,205 Michigan Ave #5922,,https://streetviewpixels-pa.googleapis.com/v1/thumbnail?panoid=NmuyuA1me9BWvoVES34lNA&cb_client=search.gws-prod.gps&w=80&h=92&yaw=25.479134&pitch=0&thumbfov=100,
https://www.google.com/maps/place/American+Airlines+Conference+Center/data=!4m7!3m6!1s0x880fd3b33a2c63cd:0x449e6d48a31e0a1f!8m2!3d41.948757!4d-87.6576382!16s%2Fg%2F11h27rhc5f!19sChIJzWMsOrPTD4gRHwoeo0htnkQ?authuser=0&hl=en&rclk=1,American Airlines Conference Center,4.7,-24,Conference center,1101 W Waveland Ave f2,⋅ Closes 10 PM,https://lh5.googleusercontent.com/p/AF1QipNJgjvEWg_eAcCEHBRI-gjx2pP1aa5Ih8iitovw=w138-h92-k-no,
https://www.google.com/maps/place/Gleacher+Center/data=!4m7!3m6!1s0x880e26623550ffd7:0x2de5428703b98337!8m2!3d41.8897122!4d-87.6222842!16s%2Fg%2F12cpq1xlp!19sChIJ1_9QNWImDogRN4O5A4dC5S0?authuser=0&hl=en&rclk=1,Gleacher Center,4.7,-496,Conference center,450 Cityfront Plaza Dr,⋅ Closes 12 AM,https://lh5.googleusercontent.com/p/AF1QipPYCIn05EINyGBG_uDjjowRYNRZceLqTjbmLFLi=w138-h92-k-no,"""Great conference center!"""
https://www.google.com/maps/place/United+centrr/data=!4m7!3m6!1s0x880e2d2c8102dae5:0x97474bf975632fde!8m2!3d41.8742849!4d-87.6253866!16s%2Fg%2F11vhcvms5n!19sChIJ5doCgSwtDogR3i9jdflLR5c?authuser=0&hl=en&rclk=1,United centrr,,,Convention center,65 E Harrison St,,https://streetviewpixels-pa.googleapis.com/v1/thumbnail?panoid=VTzh9FiQGERHQtthF3KlGw&cb_client=search.gws-prod.gps&w=80&h=92&yaw=187.66891&pitch=0&thumbfov=100,
https://www.google.com/maps/place/Puerto+Convention+Center/data=!4m7!3m6!1s0x880e2cb816ebfe3d:0x18df602b36ded0d6!8m2!3d41.8846302!4d-87.6373864!16s%2Fg%2F1263yh074!19sChIJPf7rFrgsDogR1tDeNitg3xg?authuser=0&hl=en&rclk=1,Puerto Convention Center,5,-2,Convention center,150 N Wacker Dr # 1740,,https://lh5.googleusercontent.com/p/AF1QipOiwZeFx5sun-B5l6EYQkTP0uTuXNz6AiRi-bJF=w122-h92-k-no,
https://www.google.com/maps/place/Davinci+Meeting+Rooms/data=!4m7!3m6!1s0x880e2d0c768a1593:0x797c30ce64c2b6de!8m2!3d41.8864436!4d-87.6342963!16s%2Fg%2F11h8kxv5c2!19sChIJkxWKdgwtDogR3rbCZM4wfHk?authuser=0&hl=en&rclk=1,Davinci Meeting Rooms,,,Conference center,205 W Wacker Dr,⋅ Closes 12 AM,https://streetviewpixels-pa.googleapis.com/v1/thumbnail?panoid=s4M2zhsgTPlPjFLyxMEg1g&cb_client=search.gws-prod.gps&w=80&h=92&yaw=295.57108&pitch=0&thumbfov=100,
https://www.google.com/maps/place/McCormick+Place+Lakeside+Center/data=!4m7!3m6!1s0x880e2b81194de491:0x4a2cb220d07c57f8!8m2!3d41.8527659!4d-87.610938!16s%2Fg%2F11j9d3wy5b!19sChIJkeRNGYErDogR-Fd80CCyLEo?authuser=0&hl=en&rclk=1,McCormick Place Lakeside Center,4.7,-17,Convention center,2301 S King Dr,,https://lh5.googleusercontent.com/p/AF1QipMuP906EAJJF0G-YKdzDgjMbIMkiYwnq3_UH_mI=w122-h92-k-no,
https://www.google.com/maps/place/Davinci+Meeting+Rooms/data=!4m7!3m6!1s0x880e2df85bbbdd73:0xe277a2f429ca4d0c!8m2!3d41.8532298!4d-87.6501525!16s%2Fg%2F11h53mswpz!19sChIJc927W_gtDogRDE3KKfSid-I?authuser=0&hl=en&rclk=1,Davinci Meeting Rooms,,,Conference center,2150 S Canalport Ave Suite 2A-11,⋅ Closes 5 PM,https://streetviewpixels-pa.googleapis.com/v1/thumbnail?panoid=YaKCjTOfbSGCsvjBr8WXNA&cb_client=search.gws-prod.gps&w=80&h=92&yaw=318.85663&pitch=0&thumbfov=100,
https://www.google.com/maps/place/societyM+Meeting+Rooms+Chicago+Downtown/data=!4m7!3m6!1s0x880e2d702ff2d197:0xaba890681666c197!8m2!3d41.8869626!4d-87.6250513!16s%2Fg%2F11tr_1vgj_!19sChIJl9HyL3AtDogRl8FmFmiQqKs?authuser=0&hl=en&rclk=1,societyM Meeting Rooms Chicago Downtown,,,Conference center,80 E Wacker Pl,,https://lh5.googleusercontent.com/p/AF1QipMBYOEJFodCFGqLv1EeNo86HuOmwFLdTe00-edJ=w92-h92-k-no,
https://www.google.com/maps/place/Together+by+Hyatt/data=!4m7!3m6!1s0x880e2d91e2118b03:0xbe30752e900df2f8!8m2!3d41.882755!4d-87.6356806!16s%2Fg%2F11vbcxfxcq!19sChIJA4sR4pEtDogR-PINkC51ML4?authuser=0&hl=en&rclk=1,Together by Hyatt,5,-1,Convention center,28 N Franklin St,,https://streetviewpixels-pa.googleapis.com/v1/thumbnail?panoid=q83MDU7rVKouBruV7aYAgg&cb_client=search.gws-prod.gps&w=80&h=92&yaw=299.21942&pitch=0&thumbfov=100,
https://www.google.com/maps/place/1-800-TRADESHOWS/data=!4m7!3m6!1s0x880e2b83a5ad5cc1:0xf952f2ed875637bc!8m2!3d41.8517314!4d-87.6114441!16s%2Fg%2F1wd3wmsx!19sChIJwVytpYMrDogRvDdWh-3yUvk?authuser=0&hl=en&rclk=1,1-800-TRADESHOWS,,,Convention center,2301 S DuSable Lake Shore Dr,,https://streetviewpixels-pa.googleapis.com/v1/thumbnail?panoid=w_1WmZKpsTpXRdmwwuMAsA&cb_client=search.gws-prod.gps&w=80&h=92&yaw=76.826996&pitch=0&thumbfov=100,
https://www.google.com/maps/place/Banquet+%26+Rental+Information/data=!4m7!3m6!1s0x880e2b52643f778f:0xbc2d2767415629f5!8m2!3d41.8919114!4d-87.6094575!16s%2Fg%2F1tj7fn0y!19sChIJj3c_ZFIrDogR9SlWQWcnLbw?authuser=0&hl=en&rclk=1,Banquet & Rental Information,,,Convention center,600 E Grand Ave,,https://streetviewpixels-pa.googleapis.com/v1/thumbnail?panoid=cqrXe7YW5T2fDD_Gvp4WWw&cb_client=search.gws-prod.gps&w=80&h=92&yaw=89.53391&pitch=0&thumbfov=100,
https://www.google.com/maps/place/Privileged+Access+TV/data=!4m7!3m6!1s0x880e2c815f0b17dd:0xc33e95c6771bcccd!8m2!3d41.8606092!4d-87.6228617!16s%2Fg%2F12625bfxs!19sChIJ3RcLX4EsDogRzcwbd8aVPsM?authuser=0&hl=en&rclk=1,Privileged Access TV,4.5,-2,Convention center,1550 S Indiana Ave,,https://streetviewpixels-pa.googleapis.com/v1/thumbnail?panoid=YU5ShZihRviqTtKakBvu2A&cb_client=search.gws-prod.gps&w=80&h=92&yaw=356.0091&pitch=0&thumbfov=100,
https://www.google.com/maps/place/Conference+Direct/data=!4m7!3m6!1s0x880fcb378e6d5153:0x660f0d4bedef001e!8m2!3d41.9079688!4d-87.7976962!16s%2Fg%2F1v6l829r!19sChIJU1FtjjfLD4gRHgDv7UsND2Y?authuser=0&hl=en&rclk=1,Conference Direct,5,-1,Convention center,1220 N Kenilworth Ave,,https://streetviewpixels-pa.googleapis.com/v1/thumbnail?panoid=ZD1tAigdRsqkE1dEO7rSYA&cb_client=search.gws-prod.gps&w=80&h=92&yaw=84.538086&pitch=0&thumbfov=100,
https://www.google.com/maps/place/Destination+Hotels+%26+Resorts/data=!4m7!3m6!1s0x880fd3569d79f63b:0xa7ee866a623dbf91!8m2!3d41.9001443!4d-87.6218846!16s%2Fg%2F1tf36kf0!19sChIJO_Z5nVbTD4gRkb89YmqG7qc?authuser=0&hl=en&rclk=1,Destination Hotels & Resorts,5,-1,Convention center,200 E Walton Pl # 6,,https://streetviewpixels-pa.googleapis.com/v1/thumbnail?panoid=bO9VsMcwx4Z35ViKJJWomw&cb_client=search.gws-prod.gps&w=80&h=92&yaw=358.2917&pitch=0&thumbfov=100,
https://www.google.com/maps/place/McCormick+Square/data=!4m7!3m6!1s0x880e2b80a6d27bc5:0xa70c3c2045e17572!8m2!3d41.8512635!4d-87.6184672!16s%2Fg%2F11xm7fphw!19sChIJxXvSpoArDogRcnXhRSA8DKc?authuser=0&hl=en&rclk=1,McCormick Square,4.6,-135,Convention center,301 E Cermak Rd,,https://lh5.googleusercontent.com/p/AF1QipO7KEhLfbPI9jNyqejZGhZqE9gwRILLiBVWVpIC=w173-h92-k-no,"""Second time here in this venue for the AHA conference."""
https://www.google.com/maps/place/Korea+Trade+Center/data=!4m7!3m6!1s0x880e2b8215d00223:0x510081055d828824!8m2!3d41.8526229!4d-87.6119577!16s%2Fg%2F1264jd5hn!19sChIJIwLQFYIrDogRJIiCXQWBAFE?authuser=0&hl=en&rclk=1,Korea Trade Center,4,-3,Convention center,2301 S DuSable Lake Shore Dr,,https://maps.gstatic.com/tactile/pane/result-no-thumbnail-2x.png,
https://www.google.com/maps/place/McCormick+Place/data=!4m7!3m6!1s0x880e2d5436e44f0d:0xc993f5a8fb7fabd7!8m2!3d41.8526157!4d-87.6264004!16s%2Fg%2F11tx549rw7!19sChIJDU_kNlQtDogR16t_-6j1k8k?authuser=0&hl=en&rclk=1,McCormick Place,3,-2,Convention center,12 E Cermak Rd,,https://lh5.googleusercontent.com/p/AF1QipO2F3edlXRzBE-cc-CJ4OQoxy7BmQc2l0aPSREE=w122-h92-k-no,"""It's a great place to hold a convention."""
https://www.google.com/maps/place/Metropolitan+Pier+%26+Exposition/data=!4m7!3m6!1s0x880e2b526441ea5b:0x2cea9b2760c0866d!8m2!3d41.8913699!4d-87.6077371!16s%2Fg%2F1261nfp7m!19sChIJW-pBZFIrDogRbYbAYCeb6iw?authuser=0&hl=en&rclk=1,Metropolitan Pier & Exposition,4.8,-6,Convention center,600 E Grand Ave,,https://lh5.googleusercontent.com/p/AF1QipOcyTfZKmj463qF5-4z6uAKQgA1bejzlwGZ8ZnP=w80-h106-k-no,
https://www.google.com/maps/place/Opus+Meeting+Rooms/data=!4m7!3m6!1s0x880e2d61c0bcda33:0x4a3e0295557ad649!8m2!3d41.8800946!4d-87.624695!16s%2Fg%2F11ng568r1_!19sChIJM9q8wGEtDogRSdZ6VZUCPko?authuser=0&hl=en&rclk=1,Opus Meeting Rooms,,,Conference center,122 S Michigan Ave Suite 1390,⋅ Opens 8:30 AM Mon,https://lh5.googleusercontent.com/p/AF1QipP8BjNShcGfLb3VIDwZ867txPk1AFobJeNPgfFd=w106-h92-k-no,
https://www.google.com/maps/place/Venue+SIX10/data=!4m7!3m6!1s0x880e2c98c7789d2b:0xa1b99cfdb396e384!8m2!3d41.8740081!4d-87.6246643!16s%2Fg%2F1hc9wxg8r!19sChIJK514x5gsDogRhOOWs_2cuaE?authuser=0&hl=en&rclk=1,Venue SIX10,4.6,-222,Conference center,610 S Michigan Ave,,https://lh5.googleusercontent.com/p/AF1QipPV-xvseJ1qyBOfg9XDxnmQSucu0lql0c2ynIz1=w122-h92-k-no,
https://www.google.com/maps/place/Summit+Chicago/data=!4m7!3m6!1s0x880e2caf4ff5c49b:0x40ad65c4ee308920!8m2!3d41.8859448!4d-87.6237522!16s%2Fg%2F1vq75fpw!19sChIJm8T1T68sDogRIIkw7sRlrUA?authuser=0&hl=en&rclk=1,Summit Chicago,4.5,-62,Conference center,205 N Michigan Ave 10th floor,⋅ Opens 7 AM Mon,https://lh5.googleusercontent.com/p/AF1QipP7JXzJlaYraikMITdr6iFTLVw4eWST4YP52IPw=w138-h92-k-no,
https://www.google.com/maps/place/White+Eagle+Events+%26+Convention+Center/data=!4m7!3m6!1s0x880fc93d712241cd:0x9b1a51b82d05eb59!8m2!3d42.0052974!4d-87.7944442!16s%2Fg%2F1hc56tz4w!19sChIJzUEicT3JD4gRWesFLbhRGps?authuser=0&hl=en&rclk=1,White Eagle Events & Convention Center,4.1,"-1,120",Convention center,6839 N Milwaukee Ave,⋅ Closes 7 PM,https://lh5.googleusercontent.com/p/AF1QipNHS5yv4mG0YwkMkpVa4PshiFoxBuihcUn7iE2b=w122-h92-k-no,"""Recently attended a conference here."""
https://www.google.com/maps/place/FinTech+Exchange/data=!4m7!3m6!1s0x880e2c98c01eb90f:0x2180f423ae7a1888!8m2!3d41.8740766!4d-87.6244915!16s%2Fg%2F11cr_nv3nk!19sChIJD7kewJgsDogRiBh6riP0gCE?authuser=0&hl=en&rclk=1,FinTech Exchange,,,Conference center,610 S Michigan Ave,,https://streetviewpixels-pa.googleapis.com/v1/thumbnail?panoid=NigPlgViQy3bA4LPNX3HEg&cb_client=search.gws-prod.gps&w=80&h=92&yaw=304.69388&pitch=0&thumbfov=100,
https://www.google.com/maps/place/McCormick+Place+-+West+Building/data=!4m7!3m6!1s0x880e2c7f2fffffff:0xb4c8efcdd6f8000a!8m2!3d41.8506084!4d-87.6217268!16s%2Fg%2F11fx7wvfs6!19sChIJ____L38sDogRCgD41s3vyLQ?authuser=0&hl=en&rclk=1,McCormick Place - West Building,4.5,"-1,175",Convention center,2317 S Indiana Ave,⋅ Opens 8:30 AM Mon,https://lh5.googleusercontent.com/p/AF1QipPXaR4R59UUC0eBfrWc-dZ6bsdIH8HpbV3ddtfq=w155-h92-k-no,"""Very nice conference center."""
https://www.google.com/maps/place/O%27Hare+Tech+Center+Venue+and+Conference+Center/data=!4m7!3m6!1s0x880fb584637ddd2b:0xeaf3f73860cb1cbb!8m2!3d41.9659862!4d-87.8753049!16s%2Fg%2F11srvnvl1l!19sChIJK919Y4S1D4gRuxzLYDj38-o?authuser=0&hl=en&rclk=1,O'Hare Tech Center Venue and Conference Center,4.8,-47,Conference center,9950 Lawrence Ave,⋅ 4 PM ⋅ Opens 12 PM Sun,https://lh5.googleusercontent.com/p/AF1QipMJtFhKxHT5T1YOR-Vz6XYfq9U9kpF9NMfUBP3R=w122-h92-k-no,"""I cannot say enough great things about O’Hare Tech Center Venue."""
https://www.google.com/maps/place/Davinci+Meeting+Rooms/data=!4m7!3m6!1s0x880e2cac15ebfed1:0xfdb04550704865b6!8m2!3d41.8911024!4d-87.624805!16s%2Fg%2F1pv02b9wk!19sChIJ0f7rFawsDogRtmVIcFBFsP0?authuser=0&hl=en&rclk=1,Davinci Meeting Rooms,,,Conference center,500 N Michigan Ave UNIT 600,⋅ Opens 9 AM Mon,https://lh5.googleusercontent.com/p/AF1QipPCRv6q8antuJKgNVd4UrhC_Nwl8Xw7CNPnLx7k=w132-h92-k-no,
https://www.google.com/maps/place/Convene/data=!4m7!3m6!1s0x880e2d9add9c6e95:0x87487ef51490d8a8!8m2!3d41.8788808!4d-87.6365158!16s%2Fg%2F11pzs20tkn!19sChIJlW6c3ZotDogRqNiQFPV-SIc?authuser=0&hl=en&rclk=1,Convene,5,-5,Event venue,233 S Wacker Dr,,https://lh5.googleusercontent.com/p/AF1QipOmnq4d8boEUn9kN8cMMbLAjfSRzxXOJfjlS_d9=w138-h92-k-no,"""Fantastic venue for a"
https://www.google.com/maps/place/Davinci+Meeting+Rooms/data=!4m7!3m6!1s0x880fcd97919df8d3:0xf78926fb98d76e68!8m2!3d41.9321836!4d-87.7136056!16s%2Fg%2F11hz28zldm!19sChIJ0_idkZfND4gRaG7XmPsmifc?authuser=0&hl=en&rclk=1,Davinci Meeting Rooms,,,Conference center,3432 W Diversey Ave 2nd Floor,⋅ Opens 9 AM Mon,https://streetviewpixels-pa.googleapis.com/v1/thumbnail?panoid=m4PJgGMnRjnknQBuZjtjdA&cb_client=search.gws-prod.gps&w=80&h=92&yaw=341.97592&pitch=0&thumbfov=100,
https://www.google.com/maps/place/Midwest+Conference+Center/data=!4m7!3m6!1s0x880fb4b41f9608c9:0xe4981503b8dad567!8m2!3d41.9056279!4d-87.9176064!16s%2Fg%2F1tdq_9j3!19sChIJyQiWH7S0D4gRZ9XauAMVmOQ?authuser=0&hl=en&rclk=1,Midwest Conference Center,4.3,-341,Conference center,401 W Lake St,,https://lh5.googleusercontent.com/p/AF1QipPOz3RP89q7EDaI1lOLWJtoQ_eygtdhG00bT7Zt=w133-h92-k-no,"""Not a very glamorous convention center."""
https://www.google.com/maps/place/Davinci+Meeting+Rooms/data=!4m7!3m6!1s0x880e2cbbc54d3493:0xa6a68d0038874c56!8m2!3d41.8823068!4d-87.6327857!16s%2Fg%2F1ptykp4ch!19sChIJkzRNxbssDogRVkyHOACNpqY?authuser=0&hl=en&rclk=1,Davinci Meeting Rooms,,,Conference center,2 N La Salle St 14th floor,⋅ Opens 9 AM Mon,https://lh5.googleusercontent.com/p/AF1QipO8i_TXSHW3ZKzyveq872FfsGuOlAXNDYdVhAR4=w92-h92-k-no,
https://www.google.com/maps/place/Kasbeer+Hall/data=!4m7!3m6!1s0x880fd3528caba71d:0xfbf80bec36c68b15!8m2!3d41.8973365!4d-87.6271474!16s%2Fg%2F12hsgdykf!19sChIJHaerjFLTD4gRFYvGNuwL-Ps?authuser=0&hl=en&rclk=1,Kasbeer Hall,4.4,-5,Conference center,25 E Pearson St,,https://lh5.googleusercontent.com/p/AF1QipM-punP14YTjaj8vmaXnQgUHBCwzVgl2Z16PHig=w80-h106-k-no,
https://www.google.com/maps/place/Giles+Percy+Alderman+Special/data=!4m7!3m6!1s0x880fcccdda020c61:0x7e27174dc7bbf7d7!8m2!3d41.9019946!4d-87.7492541!16s%2Fg%2F12626q_tj!19sChIJYQwC2s3MD4gR1_e7x00XJ34?authuser=0&hl=en&rclk=1,Giles Percy Alderman Special,3.8,-8,Convention center,4909 W Division St,,https://lh5.googleusercontent.com/p/AF1QipNKnO8yc8LqWcEpbSr8RXDxGFEU_KbtgyklUXlE=w80-h106-k-no,
https://www.google.com/maps/place/The+Congress+Plaza+Hotel+%26+Convention+Center/data=!4m10!3m9!1s0x880e2ca201339ba9:0xb85fc65faea623c2!5m2!4m1!1i2!8m2!3d41.8751616!4d-87.6246539!16s%2Fm%2F0h538ct!19sChIJqZszAaIsDogRwiOmrl_GX7g?authuser=0&hl=en&rclk=1,The Congress Plaza Hotel & Convention Center,3.7,"-6,795",3-star hotel,,,https://lh5.googleusercontent.com/p/AF1QipOCclvKMZWBO-9U9kHVjo2fIoTnma3XuYgkGyFq=w80-h120-k-no,"""Convention Center for very large events."""
https://www.google.com/maps/place/Davinci+Meeting+Rooms/data=!4m7!3m6!1s0x880e2cbf1a659723:0x57646085fdbcd5ac!8m2!3d41.878888!4d-87.635876!16s%2Fg%2F12htrg2xh!19sChIJI5dlGr8sDogRrNW8_YVgZFc?authuser=0&hl=en&rclk=1,Davinci Meeting Rooms,5,-2,Conference center,"Willis Tower, 233 S Wacker Dr",⋅ Opens 9 AM Mon,https://lh5.googleusercontent.com/p/AF1QipO5foJUubc7ZFZ3GexFnESSTHrrpyGz5eBJYoL-=w185-h92-k-no,"""I booked this conference room so that some fellow graduate students ..."""
https://www.google.com/maps/place/The+Library/data=!4m7!3m6!1s0x880e2cbc11cb037f:0xfb3255c4d2101b6e!8m2!3d41.8797572!4d-87.6326662!16s%2Fg%2F11c1pb7pyc!19sChIJfwPLEbwsDogRbhsQ0sRVMvs?authuser=0&hl=en&rclk=1,The Library,4.3,-27,Conference center,190 S La Salle St,,https://lh5.googleusercontent.com/p/AF1QipMVvbPPR5JjJMz3-02xOjokkvPH_8Q9MwEJ0Hrb=w80-h106-k-no,
https://www.google.com/maps/place/ComplexCon+Chicago+Pickup/data=!4m7!3m6!1s0x880e2b62e1413df9:0x7b7f5b05614ec577!8m2!3d41.8520941!4d-87.6118497!16s%2Fg%2F11h4ncps2j!19sChIJ-T1B4WIrDogRd8VOYQVbf3s?authuser=0&hl=en&rclk=1,ComplexCon Chicago Pickup,,,Convention center,McCormick Place - Lakeside Center,,https://streetviewpixels-pa.googleapis.com/v1/thumbnail?panoid=vWY8KqwD34mMTyu-ytQlYA&cb_client=search.gws-prod.gps&w=80&h=92&yaw=305.30453&pitch=0&thumbfov=100,
https://www.google.com/maps/place/Donald+E.+Stephens+Convention+Center/data=!4m7!3m6!1s0x880fb5fd86e69343:0xf59638d2764bf12b!8m2!3d41.9792232!4d-87.861987!16zL20vMGdfN3Jq!19sChIJQ5Pmhv21D4gRK_FLdtI4lvU?authuser=0&hl=en&rclk=1,Donald E. Stephens Convention Center,4.5,"-5,013",Convention center,5555 N River Rd,,https://lh5.googleusercontent.com/p/AF1QipMFXNu7c-G3Cab2f1w_ulAF5PJ0chkOM_-NqH0B=w151-h92-k-no,"""A really nice space for a conference"""
https://www.google.com/maps/place/Hermann+Hall/data=!4m7!3m6!1s0x880e2c72aad4869b:0x9e525ec571fd40cd!8m2!3d41.8356639!4d-87.6283866!16s%2Fg%2F11dxb1x0kv!19sChIJm4bUqnIsDogRzUD9ccVeUp4?authuser=0&hl=en&rclk=1,Hermann Hall,5,-21,Auditorium,"Hermann Hall Conference Center, 3241 S Federal St",,https://lh5.googleusercontent.com/p/AF1QipPP7CKH1Kkpt3respQ78ljbke0E06wFkVipj6Zb=w172-h92-k-no,"""Well organized center."""
https://www.google.com/maps/place/Davinci+Meeting+Rooms/data=!4m7!3m6!1s0x880e2cddd0d00677:0x494bc057acc8225f!8m2!3d41.8780265!4d-87.6527249!16s%2Fg%2F1pp2vgfjf!19sChIJdwbQ0N0sDogRXyLIrFfAS0k?authuser=0&hl=en&rclk=1,Davinci Meeting Rooms,5,-4,Conference center,1016 W Jackson Blvd,⋅ Opens 9 AM Mon,https://lh5.googleusercontent.com/p/AF1QipPgbW0ocYeGP401FvUOv2lseAAyFty4SQ4S4Jxq=w120-h92-k-no,"""They booked a small room which felt intimate, yet clean and ..."""
https://www.google.com/maps/place/Davinci+Meeting+Rooms/data=!4m7!3m6!1s0x880e2dc4a156c3c9:0xdbaff77119a4acef!8m2!3d41.8626801!4d-87.6236051!16s%2Fg%2F11pkk3lcw8!19sChIJycNWocQtDogR76ykGXH3r9s?authuser=0&hl=en&rclk=1,Davinci Meeting Rooms,,,Conference center,1449 S Michigan Ave,⋅ Opens 8:30 AM Mon,https://streetviewpixels-pa.googleapis.com/v1/thumbnail?panoid=Wbg1LNiw9Lt0eH0N19FMdQ&cb_client=search.gws-prod.gps&w=80&h=92&yaw=86.222336&pitch=0&thumbfov=100,
https://www.google.com/maps/place/Davinci+Meeting+Rooms/data=!4m7!3m6!1s0x89e7b4d31c44e489:0xfbaea5d10d1ddcbd!8m2!3d41.8582021!4d-87.6604502!16s%2Fg%2F11btv6533s!19sChIJieREHNO054kRvdwdDdGlrvs?authuser=0&hl=en&rclk=1,Davinci Meeting Rooms,,,Conference center,1655 S Blue Island Ave,⋅ Opens 9 AM Mon,https://lh5.googleusercontent.com/p/AF1QipNMNTzizKJD1vG346FJNpeyOM8qZc4bVkk509V7=w92-h92-k-no,
https://www.google.com/maps/place/Davinci+Meeting+Rooms/data=!4m7!3m6!1s0x880e2d5e32323295:0xedebd483dffe81f1!8m2!3d41.8848742!4d-87.6306904!16s%2Fg%2F11j8z0_85j!19sChIJlTIyMl4tDogR8YH-34PU6-0?authuser=0&hl=en&rclk=1,Davinci Meeting Rooms,,,Conference center,161 N Clark St Suite 1600,⋅ Opens 8 AM Mon,https://streetviewpixels-pa.googleapis.com/v1/thumbnail?panoid=DDGZTj9xpC7V-dOU9znrrg&cb_client=search.gws-prod.gps&w=80&h=92&yaw=37.404938&pitch=0&thumbfov=100,
https://www.google.com/maps/place/Davinci+Meeting+Rooms/data=!4m7!3m6!1s0x880e2d4ab8b62937:0xd1a9dab4a06093b1!8m2!3d41.8774388!4d-87.6256613!16s%2Fg%2F11fps124dj!19sChIJNym2uEotDogRsZNgoLTaqdE?authuser=0&hl=en&rclk=1,Davinci Meeting Rooms,,,Conference center,333 S Wabash Ave UNIT 2700,⋅ Opens 8:30 AM Mon,https://streetviewpixels-pa.googleapis.com/v1/thumbnail?panoid=Ip74Z4vAWJtLAA-nKK_Wxw&cb_client=search.gws-prod.gps&w=80&h=92&yaw=67.28364&pitch=0&thumbfov=100,
https://www.google.com/maps/place/Davinci+Meeting+Rooms/data=!4m7!3m6!1s0x880e2d016f34e3a5:0x8522eabed9debc92!8m2!3d41.8890935!4d-87.6728473!16s%2Fg%2F11y2b4_k4_!19sChIJpeM0bwEtDogRkrze2b7qIoU?authuser=0&hl=en&rclk=1,Davinci Meeting Rooms,,,Conference center,1821 W Hubbard St Unit 209,⋅ Opens 9 AM Mon,https://maps.gstatic.com/tactile/pane/result-no-thumbnail-2x.png,
https://www.google.com/maps/place/Total+Coordination+Pro/data=!4m7!3m6!1s0x880fcb3a0765a655:0xce24b8d4f9b813c9!8m2!3d41.9086251!4d-87.8013366!16s%2Fg%2F1vlqqtdc!19sChIJVaZlBzrLD4gRyRO4-dS4JM4?authuser=0&hl=en&rclk=1,Total Coordination Pro,1,-1,Convention center,7001 W North Ave # 101,,https://streetviewpixels-pa.googleapis.com/v1/thumbnail?panoid=1IxKyZOYIEMpG6TOTHi9og&cb_client=search.gws-prod.gps&w=80&h=92&yaw=268.0603&pitch=0&thumbfov=100,
https://www.google.com/maps/place/OLC+Education+%26+Conference+Center+-+Bio-skills+Lab%2FMedical+Education/data=!4m7!3m6!1s0x880fb61970be4abb:0x730ee40c3f3968d6!8m2!3d41.9921883!4d-87.86073!16s%2Fg%2F1tgjlwx2!19sChIJu0q-cBm2D4gR1mg5PwzkDnM?authuser=0&hl=en&rclk=1,OLC Education & Conference Center - Bio-skills Lab/Medical Education,5,-14,Conference center,9400 W Higgins Rd Ste 100,⋅ Closes 5 PM,https://lh5.googleusercontent.com/p/AF1QipPyp0LEV0beTZDeJbSxH2tMbjLFr7gP6iyyNPrr=w122-h92-k-no,"""OLC is a GREAT venue to have a meeting!"""
https://www.google.com/maps/place/Davinci+Meeting+Rooms/data=!4m7!3m6!1s0x880e2cac15ebfed1:0x97ecb59f4ab6e43!8m2!3d41.8906871!4d-87.6247776!16s%2Fg%2F12hyd5fyd!19sChIJ0f7rFawsDogRQ26r9FnLfgk?authuser=0&hl=en&rclk=1,Davinci Meeting Rooms,,,Conference center,444 N Michigan Ave Suite 1200,⋅ Opens 9 AM Mon,https://lh5.googleusercontent.com/p/AF1QipOmviEJ_Q4DJ0IpQBkVzyd0Qb1xROkVkg8qbkx1=w122-h92-k-no,
https://www.google.com/maps/place/100+Higgins+O%27Hare/data=!4m7!3m6!1s0x880fc9d96d92266f:0xbd03bd60e23d7b81!8m2!3d41.9849447!4d-87.8245625!16s%2Fg%2F11fgh80jy7!19sChIJbyaSbdnJD4gRgXs94mC9A70?authuser=0&hl=en&rclk=1,100 Higgins O'Hare,4.7,-11,Conference center,100 W Higgins Rd l111,,https://lh5.googleusercontent.com/p/AF1QipPFIG8WcwlCFuB_5ePys4_9Ob9jodUp7PFz6DIs=w138-h92-k-no,
https://www.google.com/maps/place/Loyola+University+Chicago-Department+of+Conference+Services/data=!4m7!3m6!1s0x880fd1a7188457cd:0x4a3b9237bf3dd6db!8m2!3d41.9985643!4d-87.6574847!16s%2Fg%2F11c1qwb89t!19sChIJzVeEGKfRD4gR29Y9vzeSO0o?authuser=0&hl=en&rclk=1,Loyola University Chicago-Department of Conference Services,,,Conference center,1032 W Sheridan Rd,⋅ Opens 8:30 AM Mon,https://streetviewpixels-pa.googleapis.com/v1/thumbnail?panoid=0xQSwR-vpMPTWWJtKNoQEg&cb_client=search.gws-prod.gps&w=80&h=92&yaw=13.789643&pitch=0&thumbfov=100,
https://www.google.com/maps/place/The+Conference+Center/data=!4m7!3m6!1s0x880e2cb8e5b1f115:0x2421d143c956fa62!8m2!3d41.8824129!4d-87.6365234!16s%2Fg%2F11bv39zw53!19sChIJFfGx5bgsDogRYvpWyUPRISQ?authuser=0&hl=en&rclk=1,The Conference Center,4.4,-14,Conference center,1 N Wacker Dr,,https://streetviewpixels-pa.googleapis.com/v1/thumbnail?panoid=XmgDr9M5EIjwm0MTSBLCPQ&cb_client=search.gws-prod.gps&w=80&h=92&yaw=184.90416&pitch=0&thumbfov=100,
https://www.google.com/maps/place/World+Outreach+Conference+Center/data=!4m7!3m6!1s0x880e2402ef21da99:0xbbb03e8dbe179b53!8m2!3d41.692997!4d-87.6224212!16s%2Fg%2F12639b5dc!19sChIJmdoh7wIkDogRU5sXvo0-sLs?authuser=0&hl=en&rclk=1,World Outreach Conference Center,4.4,-19,Conference center,4 E 111th St,,https://lh5.googleusercontent.com/p/AF1QipM8nxJSuVFjjWDtT9zy_K0vKrK2rH2Nu5NgiKwh=w80-h106-k-no,
https://www.google.com/maps/place/Waterford+Banquet+%26+Conference+Center/data=!4m7!3m6!1s0x880e4cf239f30f6d:0xa6d7d87663cb2a2c!8m2!3d41.8702049!4d-87.9566498!16s%2Fg%2F1tglnh48!19sChIJbQ_zOfJMDogRLCrLY3bY16Y?authuser=0&hl=en&rclk=1,Waterford Banquet & Conference Center,4.4,-337,Conference center,933 S Riverside Dr,,https://lh5.googleusercontent.com/p/AF1QipN8c_C6VjJLj7W0hIAARQ_G5feb1J4f__fjbeUt=w122-h92-k-no,Dine-in
https://www.google.com/maps/place/Big+Ten+Conference/data=!4m7!3m6!1s0x880e36b672591a4f:0x8315fa63da2c158e!8m2!3d41.9774222!4d-87.8685404!16s%2Fg%2F11bbwz0kvb!19sChIJTxpZcrY2DogRjhUs2mP6FYM?authuser=0&hl=en&rclk=1,Big Ten Conference,3.8,-70,Conference center,5440 Park Pl,⋅ Opens 8 AM Mon,https://lh5.googleusercontent.com/p/AF1QipPgPFIZEIlAWsxIO4D9CX6s7Uawe3cxR8A5SAUV=w137-h92-k-no,
https://www.google.com/maps/place/Zenith+Labor+Net/data=!4m7!3m6!1s0x880e2e1a5c91b5f9:0x6f5575608c3f1757!8m2!3d41.8039864!4d-87.6895043!16s%2Fg%2F1xgrnj6n!19sChIJ-bWRXBouDogRVxc_jGB1VW8?authuser=0&hl=en&rclk=1,Zenith Labor Net,5,-2,Convention center,4910 S Rockwell St,,https://lh5.googleusercontent.com/p/AF1QipONmc1oOG63X17jXD0YNtL2gHWCpxzaDWvxqhnC=w80-h142-k-no,
https://www.google.com/maps/place/Chicago+Code+Camp/data=!4m7!3m6!1s0x880e2c72c0110245:0x8fc99d637fb4d087!8m2!3d41.8368453!4d-87.6272262!16s%2Fg%2F11cn93nx_0!19sChIJRQIRwHIsDogRh9C0f2OdyY8?authuser=0&hl=en&rclk=1,Chicago Code Camp,4.5,-8,Conference center,"Rettaliata Engineering Center (E-1 Building), 3199 S State St",,https://streetviewpixels-pa.googleapis.com/v1/thumbnail?panoid=d_V5xBETOk4UHy6Bxn6YWw&cb_client=search.gws-prod.gps&w=80&h=92&yaw=285.74805&pitch=0&thumbfov=100,
https://www.google.com/maps/place/Teamster+City/data=!4m7!3m6!1s0x880e2d22b5d5394b:0xc4782c2da47c06be!8m2!3d41.877298!4d-87.6676743!16s%2Fg%2F11g72x_dct!19sChIJSznVtSItDogRvgZ8pC0seMQ?authuser=0&hl=en&rclk=1,Teamster City,4.8,-17,Conference center,300 S Ashland Ave,,https://lh5.googleusercontent.com/p/AF1QipNBTDrCrRZStlTSDoRq0WI514SfFywH4VpszInz=w80-h106-k-no,"""Clean building and they allow us to hold our quarterly meetings here."""
https://www.google.com/maps/place/Meridian+Banquet+%26+Conference+Center/data=!4m7!3m6!1s0x880fb00f4011bedd:0x6c4fdfde4e80914e!8m2!3d42.0547833!4d-88.0011572!16s%2Fg%2F1td540g2!19sChIJ3b4RQA-wD4gRTpGATt7fT2w?authuser=0&hl=en&rclk=1,Meridian Banquet & Conference Center,4.5,-351,Conference center,1701 W Algonquin Rd,⋅ Closes 6 PM,https://lh5.googleusercontent.com/p/AF1QipP0sfSmCl591q3bSFfGXFYLJwAzcvEzD298R49P=w122-h92-k-no,Dine-in
https://www.google.com/maps/place/Conference+Chicago/data=!4m7!3m6!1s0x880e2c980c37b721:0xee238c1159a3f77a!8m2!3d41.8748314!4d-87.6274284!16s%2Fg%2F11xb5pjcj!19sChIJIbc3DJgsDogRevejWRGMI-4?authuser=0&hl=en&rclk=1,Conference Chicago,4.1,-32,Conference center,525 S State St,,https://lh5.googleusercontent.com/p/AF1QipM2-tp_EnNZWlO68P_CmZSUpp-Q7nJPK3HXWzXj=w137-h92-k-no,"""This was our first training at Conference Chicago."""
https://www.google.com/maps/place/WorkLife+Meetings+at+THE+MART/data=!4m7!3m6!1s0x880e2d4684899d01:0x6674bbc09dfaf2d7!8m2!3d41.8882594!4d-87.6354673!16s%2Fg%2F11kq6syj4w!19sChIJAZ2JhEYtDogR1_L6ncC7dGY?authuser=0&hl=en&rclk=1,WorkLife Meetings at THE MART,,,Business center,222 W Merchandise Mart Plaza #250,⋅ Opens 8 AM Mon,https://lh5.googleusercontent.com/p/AF1QipMPBw3V2d8hyU1_-Gkpz_5vWlicr_u1Q0CmydRt=w148-h92-k-no,
https://www.google.com/maps/place/Chicago+Classroom+Rental/data=!4m7!3m6!1s0x880e2cb746bfe903:0xec8e75bc4070dd8!8m2!3d41.8864436!4d-87.6342963!16s%2Fg%2F11lgsmcxz5!19sChIJA-m_RrcsDogR2A0HxFvnyA4?authuser=0&hl=en&rclk=1,Chicago Classroom Rental,,,Conference center,205 W Wacker Dr Suite# 202,,https://streetviewpixels-pa.googleapis.com/v1/thumbnail?panoid=s4M2zhsgTPlPjFLyxMEg1g&cb_client=search.gws-prod.gps&w=80&h=92&yaw=295.57108&pitch=0&thumbfov=100,
"https://www.google.com/maps/place/Conference+%26+Publication+Services,+LLC/data=!4m7!3m6!1s0x880fd34b3c42ac1f:0x9f311ea278f7e7cd!8m2!3d41.8963884!4d-87.6351017!16s%2Fg%2F11bw1ztlxc!19sChIJH6xCPEvTD4gRzef3eKIeMZ8?authuser=0&hl=en&rclk=1","Conference & Publication Services, LLC",,,Conference center,219 W Chicago Ave #300,,https://streetviewpixels-pa.googleapis.com/v1/thumbnail?panoid=d3sTV6Jp5hU4IGhdxKtxGw&cb_client=search.gws-prod.gps&w=80&h=92&yaw=169.41774&pitch=0&thumbfov=100,
https://www.google.com/maps/place/Greenhouse+Loft/data=!4m7!3m6!1s0x880fd286af24ba35:0xaf3364d8884012b1!8m2!3d41.9319165!4d-87.6921749!16s%2Fg%2F1261__kb1!19sChIJNbokr4bSD4gRsRJAiNhkM68?authuser=0&hl=en&rclk=1,Greenhouse Loft,4.8,-195,Conference center,2545 W Diversey Ave,⋅ Closes 12 AM,https://lh5.googleusercontent.com/p/AF1QipNVv4bQy9KLZiWPVCd9Bi8kEPw5ln49ANWaP3yX=w138-h92-k-no,"""Back in the main room, all the food was set up on one side of a divider and ..."""
https://www.google.com/maps/place/Countryside+Banquets+%26+Conference+Center+-+Countryside/data=!4m7!3m6!1s0x880e4834143e47c3:0x12eebe3db79c7bcd!8m2!3d41.7766532!4d-87.8705596!16s%2Fg%2F11cl_hccqm!19sChIJw0c-FDRIDogRzXuctz2-7hI?authuser=0&hl=en&rclk=1,Countryside Banquets & Conference Center - Countryside,4.5,-45,Conference center,6200 Joliet Rd,⋅ Opens 7 AM Mon,https://lh5.googleusercontent.com/p/AF1QipMO2uacE0Rj-1vU0XSPBaZnvTtxRnTfJmKWffh3=w122-h92-k-no,
https://www.google.com/maps/place/Loft+Lucia/data=!4m7!3m6!1s0x880e2cdbe0e5a797:0x7b2c00cc38548fe6!8m2!3d41.881989!4d-87.6530567!16s%2Fg%2F11g01_yt42!19sChIJl6fl4NssDogR5o9UOMwALHs?authuser=0&hl=en&rclk=1,Loft Lucia,4.7,-213,Conference center,7 N Carpenter St,⋅ Closes 12 AM,https://lh5.googleusercontent.com/p/AF1QipP75Dkkc1VMillc49a5iLRu9qbNjNyFLWIn9-5I=w137-h92-k-no,"""Our company conference was exceptional thanks to the overall ..."""
https://www.google.com/maps/place/UIC+Visitors+Center/data=!4m7!3m6!1s0x880e2ce0243789d3:0x8cedbae5463791d5!8m2!3d41.8745743!4d-87.6582493!16s%2Fg%2F11cn5psf0g!19sChIJ04k3JOAsDogR1ZE3RuW67Yw?authuser=0&hl=en&rclk=1,UIC Visitors Center,4.4,-27,Conference center,1220 W Harrison St,⋅ Opens 9 AM Mon,https://lh5.googleusercontent.com/p/AF1QipPRnR8ki6MNv1UDZ5HfvYjUOTomGN2EMYDCmpDz=w80-h106-k-no,
https://www.google.com/maps/place/The+Suites+Collection+-+Theatre+District/data=!4m7!3m6!1s0x880e2cba963a901b:0x4e6f2aa08f3f163c!8m2!3d41.8851067!4d-87.6302164!16s%2Fg%2F1td2hhf1!19sChIJG5A6lrosDogRPBY_j6Aqb04?authuser=0&hl=en&rclk=1,The Suites Collection - Theatre District,,,Conference center,"Grant Thornton Tower, 60 W Randolph St",⋅ Opens 8:30 AM Mon,https://streetviewpixels-pa.googleapis.com/v1/thumbnail?panoid=QvzVqJj3vFicicNf4jC-FQ&cb_client=search.gws-prod.gps&w=80&h=92&yaw=258.79416&pitch=0&thumbfov=100,
https://www.google.com/maps/place/Lawndale+Christian+Health+Center+The+Gallery/data=!4m7!3m6!1s0x880e325e993cceab:0x6d697202726009f6!8m2!3d41.8527226!4d-87.7208803!16s%2Fg%2F11g7y83c9c!19sChIJq848mV4yDogR9glgcgJyaW0?authuser=0&hl=en&rclk=1,Lawndale Christian Health Center The Gallery,4.8,-16,Conference center,3824 W Ogden Ave,⋅ Closes 9 PM,https://lh5.googleusercontent.com/p/AF1QipNpwDsyXDQoFCLlMacaCfsj9MkvvZ7WQ3_8ojda=w88-h92-k-no,
https://www.google.com/maps/place/Ukrainian+Cultural+Center/data=!4m7!3m6!1s0x880e2d4cb8ddca9f:0x5351fbf0a629dc98!8m2!3d41.8955556!4d-87.6836111!16s%2Fg%2F1tj1sp20!19sChIJn8rduEwtDogRmNwppvD7UVM?authuser=0&hl=en&rclk=1,Ukrainian Cultural Center,4.6,-149,Cultural center,2247 W Chicago Ave,,https://lh5.googleusercontent.com/p/AF1QipOlx46vIgopyV4v2zjxm3vUcGDPDgrfFdLJFkm8=w137-h92-k-no,"""Our Floral Design School has been using"
https://www.google.com/maps/place/CityPoint+Loft/data=!4m7!3m6!1s0x880e2c7ea6306acd:0xe1b5a5e44af86d0a!8m2!3d41.8154052!4d-87.6201288!16s%2Fg%2F1w665_fg!19sChIJzWowpn4sDogRCm34SuSlteE?authuser=0&hl=en&rclk=1,CityPoint Loft,4.4,-62,Conference center,4338 S Prairie Ave,⋅ Closes 8 PM,https://lh5.googleusercontent.com/p/AF1QipNlqbSSk3IFp3iVqCH3HZVBDeHk4LlluTqK4hm9=w136-h92-k-no,
https://www.google.com/maps/place/Expansive+Superior/data=!4m7!3m6!1s0x880e2dba249d99af:0x4b013cd300887987!8m2!3d41.8952471!4d-87.6389828!16s%2Fg%2F11h2k3n8q7!19sChIJr5mdJLotDogRh3mIANM8AUs?authuser=0&hl=en&rclk=1,Expansive Superior,4.4,-40,Conference center,405 W Superior St,,https://lh5.googleusercontent.com/p/AF1QipMDd-P0YRmcrB3KniJuyzPtzx52sC2KwEk-ot9c=w163-h92-k-no,Onsite services
https://www.google.com/maps/place/Expansive+100+S.+State+Street/data=!4m7!3m6!1s0x880e2d268024d541:0xde4c96a0c9856f7!8m2!3d41.8805613!4d-87.6280927!16s%2Fg%2F11rgh6432v!19sChIJQdUkgCYtDogR91aYDGrJ5A0?authuser=0&hl=en&rclk=1,Expansive 100 S. State Street,5,-6,Conference center,100 S State St,,https://lh5.googleusercontent.com/p/AF1QipO1wi0PGtJR5LTLTTT1kNm4c0Ley9bNu21KL576=w137-h92-k-no,Onsite services
https://www.google.com/maps/place/Expansive+West+Loop/data=!4m7!3m6!1s0x880e2cbf216b5fe7:0xbb3cc0b2ad3085c8!8m2!3d41.8796844!4d-87.6360405!16s%2Fg%2F1q64tkgtb!19sChIJ519rIb8sDogRyIUwrbLAPLs?authuser=0&hl=en&rclk=1,Expansive West Loop,4.4,-66,Conference center,318 W Adams St,,https://lh5.googleusercontent.com/p/AF1QipNfwJEQSARJnMg63bUQjgMecv11nEO9hNxHs06L=w138-h92-k-no,Onsite services
https://www.google.com/maps/place/Davinci+Meeting+Rooms/data=!4m7!3m6!1s0x880e2d6cf6c4c3e1:0x1a25bfae54575b64!8m2!3d41.8794831!4d-87.6356643!16s%2Fg%2F11j080_t05!19sChIJ4cPE9mwtDogRZFtXVK6_JRo?authuser=0&hl=en&rclk=1,Davinci Meeting Rooms,,,Conference center,300 W Adams St Ste 800,,https://streetviewpixels-pa.googleapis.com/v1/thumbnail?panoid=wXzkq7dw1HmihPVrnpxqFg&cb_client=search.gws-prod.gps&w=80&h=92&yaw=32.62393&pitch=0&thumbfov=100,
https://www.google.com/maps/place/Lakeview+Executive+Suites/data=!4m7!3m6!1s0x880fd2564c3cdadd:0x2a401c5ce8e81fb7!8m2!3d41.9372927!4d-87.6651228!16s%2Fg%2F1tsjf7b7!19sChIJ3do8TFbSD4gRtx_o6FwcQCo?authuser=0&hl=en&rclk=1,Lakeview Executive Suites,,,Conference center,3047 N Lincoln Ave #400,,https://streetviewpixels-pa.googleapis.com/v1/thumbnail?panoid=eIJqOp7BlVOiCM8glGEHGg&cb_client=search.gws-prod.gps&w=80&h=92&yaw=1.7282692&pitch=0&thumbfov=100,
https://www.google.com/maps/place/Catalyst+Ranch/data=!4m7!3m6!1s0x880e2cc597cd4acb:0x281384f7e6df93e9!8m2!3d41.8847905!4d-87.6450279!16s%2Fg%2F1tfcttd0!19sChIJy0rNl8UsDogR6ZPf5veEEyg?authuser=0&hl=en&rclk=1,Catalyst Ranch,4.7,-175,Conference center,656 W Randolph St Ste 4E,⋅ Opens 8 AM Mon,https://lh5.googleusercontent.com/p/AF1QipM7nUVijqo8NlaqO5gqw-tM6Tc5-vwBRckbd46L=w122-h92-k-no,"""A great space - way better than the boring hotel conference room."""
https://www.google.com/maps/place/Davinci+Meeting+Rooms/data=!4m7!3m6!1s0x880e2d803c1d0abf:0xa2ff997a75ab1c27!8m2!3d41.8815777!4d-87.6325826!16s%2Fg%2F11fps0szg3!19sChIJvwodPIAtDogRJxyrdXqZ_6I?authuser=0&hl=en&rclk=1,Davinci Meeting Rooms,,,Conference center,190 S LaSalle St,,https://streetviewpixels-pa.googleapis.com/v1/thumbnail?panoid=4cNTEeNiUrMfY1dNkSQqnA&cb_client=search.gws-prod.gps&w=80&h=92&yaw=270.97733&pitch=0&thumbfov=100,
https://www.google.com/maps/place/Davinci+Meeting+Rooms/data=!4m7!3m6!1s0x880e2d488c311291:0xa0ec49726a7c2042!8m2!3d41.8864644!4d-87.6275084!16s%2Fg%2F11h3l0n362!19sChIJkRIxjEgtDogRQiB8anJJ7KA?authuser=0&hl=en&rclk=1,Davinci Meeting Rooms,,,Conference center,1 E Wacker Dr 8th floor,,https://streetviewpixels-pa.googleapis.com/v1/thumbnail?panoid=MyYj2DTsTDWebYkppblUwg&cb_client=search.gws-prod.gps&w=80&h=92&yaw=85.7807&pitch=0&thumbfov=100,
https://www.google.com/maps/place/Fountain+Blue+Banquets+%26+Conference+Center/data=!4m7!3m6!1s0x880fb6505110a01d:0xc5459439e3114fb8!8m2!3d42.0113573!4d-87.8871484!16s%2Fg%2F1thcnc9r!19sChIJHaAQUVC2D4gRuE8R4zmURcU?authuser=0&hl=en&rclk=1,Fountain Blue Banquets & Conference Center,4.5,-180,Conference center,2300 Mannheim Rd,⋅ Opens 10 AM Sun,https://lh5.googleusercontent.com/p/AF1QipP88FQqiO8oBw6UAjDKOUNSbpbmdG8WQn8gQ-Yv=w122-h92-k-no,
https://www.google.com/maps/place/Expansive+The+Loop/data=!4m7!3m6!1s0x880e2cbc9d4207af:0xb2b01925b0dc52e7!8m2!3d41.8804017!4d-87.6302038!16s%2Fg%2F1pp2vc8s_!19sChIJrwdCnbwsDogR51LcsCUZsLI?authuser=0&hl=en&rclk=1,Expansive The Loop,4.6,-58,Conference center,73 W Monroe St,,https://lh5.googleusercontent.com/p/AF1QipM5ubqNEvOXAcM6UGA45GdcEcUGlcoMFAYTK-6o=w138-h92-k-no,Onsite services
https://www.google.com/maps/place/Illini+Center/data=!4m7!3m6!1s0x880e2cbf6ac71899:0xe2fe46c158ac85cb!8m2!3d41.8791193!4d-87.6376376!16s%2Fg%2F1tffpy8n!19sChIJmRjHar8sDogRy4WsWMFG_uI?authuser=0&hl=en&rclk=1,Illini Center,4.3,-6,Conference center,200 S Wacker Dr,⋅ Opens 8:30 AM Mon,https://lh5.googleusercontent.com/p/AF1QipOWOfHNZT8IG41pJ379ozrU4Dwd97ElIkv2nxIf=w122-h92-k-no,
https://www.google.com/maps/place/Expansive+Wacker/data=!4m7!3m6!1s0x880e2cb741b10f6f:0xf8afc56780b73a18!8m2!3d41.88645!4d-87.6346047!16s%2Fg%2F11byypg97t!19sChIJbw-xQbcsDogRGDq3gGfFr_g?authuser=0&hl=en&rclk=1,Expansive Wacker,4.9,-39,Conference center,211 W Wacker Dr,,https://lh5.googleusercontent.com/p/AF1QipN1-rY5f5MsLiCJataY4FYNdwuHalWNU69z_B08=w138-h92-k-no,Onsite services
https://www.google.com/maps/place/University+Club+of+Chicago/data=!4m7!3m6!1s0x880e2ca46d0802f7:0xb377915d20d85aa!8m2!3d41.880947!4d-87.624957!16s%2Fm%2F04cy9_k!19sChIJ9wIIbaQsDogRqoUN0hV5Nws?authuser=0&hl=en&rclk=1,University Club of Chicago,4.7,-585,Event venue,76 E Monroe St,,https://lh5.googleusercontent.com/p/AF1QipN1i3GRbfvdtLtHpZrlqkJvUQzwXI7r2zbIzQn7=w163-h92-k-no,"""I enjoy using the business center for work."""
https://www.google.com/maps/place/Athenaeum+Center+for+Thought+%26+Culture/data=!4m7!3m6!1s0x880fd2f8a6e5d279:0x89be60b3339a2b90!8m2!3d41.9354425!4d-87.6642267!16s%2Fm%2F0k2f3v7!19sChIJedLlpvjSD4gRkCuaM7Ngvok?authuser=0&hl=en&rclk=1,Athenaeum Center for Thought & Culture,4.5,-829,Performing arts theater,2936 N Southport Ave,,https://lh5.googleusercontent.com/p/AF1QipNzEe0RS728ErFsa9R40Kpxn8byWytFpfffnY_w=w138-h92-k-no,"""I came from Dallas that morning for an Earn Your Leisure"
"https://www.google.com/maps/place/Crowne+Plaza+Chicago+Ohare+Hotel+%26+Conf+Ctr,+an+IHG+Hotel/data=!4m10!3m9!1s0x880fb5fd0dfee2c9:0xdab982825f3073d2!5m2!4m1!1i2!8m2!3d41.9776439!4d-87.8641998!16s%2Fg%2F11h0qx9bk!19sChIJyeL-Df21D4gR0nMwX4KCudo?authuser=0&hl=en&rclk=1","Crowne Plaza Chicago Ohare Hotel & Conf Ctr, an IHG Hotel",3.9,"-3,281",4-star hotel,,,https://lh5.googleusercontent.com/p/AF1QipP1TghwSprO4l-ZTJaIBLhNfMHftj8d4_uVKhuC=w280-h92-k-no,"""Conference food was very good."""
https://www.google.com/maps/place/Row+24+Chicago/data=!4m7!3m6!1s0x880e2c7963e2810b:0xd94aa5a5b0ad8fb7!8m2!3d41.848917!4d-87.623313!16s%2Fg%2F11dzw85x11!19sChIJC4HiY3ksDogRt4-tsKWlStk?authuser=0&hl=en&rclk=1,Row 24 Chicago,4.7,-159,Event venue,2411 S Michigan Ave,⋅ Closes 12 AM,https://lh5.googleusercontent.com/p/AF1QipN_OxzqbcY43F458XbeqazCtiZHlrvEE0fS3kdY=w122-h92-k-no,"""... to Chicago from around the world for the ASCO"
https://www.google.com/maps/place/Chicago+South+Loop+Hotel/data=!4m10!3m9!1s0x880e2c7075b93b09:0x81e7bc715e175a8f!5m2!4m1!1i2!8m2!3d41.8452529!4d-87.6277863!16s%2Fg%2F1tkp5khq!19sChIJCTu5dXAsDogRj1oXXnG854E?authuser=0&hl=en&rclk=1,Chicago South Loop Hotel,3.9,"-2,137",3-star hotel,,,https://lh5.googleusercontent.com/p/AF1QipMmijcmDvB04atfM6o8pJci4ukFONJNEEcALz84=w138-h92-k-no,"""Only visited the meeting room which was large with beautiful lighting."""
https://www.google.com/maps/place/Venue+West/data=!4m7!3m6!1s0x880e2cd98c870e6f:0xe923d7f3b6850869!8m2!3d41.8860204!4d-87.669231!16s%2Fg%2F12vqrx6xh!19sChIJbw6HjNksDogRaQiFtvPXI-k?authuser=0&hl=en&rclk=1,Venue West,4.7,-222,Event venue,221 N Paulina St,,https://lh5.googleusercontent.com/p/AF1QipMr3ry8klcG3EeTHXe3stTKwtF72mfb1D0PcT4b=w122-h92-k-no,"""... held a national work"
https://www.google.com/maps/place/The+Suites+Collection+-+Tree+Studios/data=!4m7!3m6!1s0x880e2cad9dd34cef:0x1f741caf94b5ce82!8m2!3d41.892866!4d-87.6278544!16s%2Fg%2F11yqknzxz!19sChIJ70zTna0sDogRgs61lK8cdB8?authuser=0&hl=en&rclk=1,The Suites Collection - Tree Studios,,,Conference center,4 E Ohio St,⋅ Opens 8:30 AM Mon,https://streetviewpixels-pa.googleapis.com/v1/thumbnail?panoid=0s_dzCydzS2717v5ViS9SQ&cb_client=search.gws-prod.gps&w=80&h=92&yaw=119.53246&pitch=0&thumbfov=100,
https://www.google.com/maps/place/Conference+Centre/data=!4m7!3m6!1s0x88131cbb2e07adc1:0x4d8a9aff24902a77!8m2!3d40.4153966!4d-86.8323409!16s%2Fg%2F11kmmyfbqy!19sChIJwa0HLrscE4gRdyqQJP-aik0?authuser=0&hl=en&rclk=1,Conference Centre,,,Conference center,,,https://maps.gstatic.com/tactile/pane/result-no-thumbnail-2x.png,
https://www.google.com/maps/place/Hyatt+Regency+Mccormick+Place/data=!4m10!3m9!1s0x880e2b809cef007d:0xdbbb37b7cca93668!5m2!4m1!1i2!8m2!3d41.8521395!4d-87.6177894!16s%2Fm%2F0wfh5v1!19sChIJfQDvnIArDogRaDapzLc3u9s?authuser=0&hl=en&rclk=1,Hyatt Regency Mccormick Place,4.4,"-6,243",4-star hotel,,,https://lh3.googleusercontent.com/gps-proxy/ALd4DhGtNQkK6F-Y0_8Ebf1k0RiRRJa-qXotWtVjv-H3eIFocMLx4Uw3tp90_iBdI8mPAmQRLY3_Si_bFykUAH4apkj4JhxBPKV4RNPRq-SIMo1jBPQIkONq75PbCtHet-YeUe7z6XIadeH_TX0bd5JFac1WZQfG6fcxXKnlSyntj9V8pL-vSXQMJxGwHQ=w161-h92-k-no,"""Connected directly to the"
https://www.google.com/maps/place/Stan+Mansion/data=!4m7!3m6!1s0x880fcd6f91fc38d9:0x3a8fac0d7235bf2c!8m2!3d41.9250382!4d-87.7080378!16s%2Fg%2F1tj33qyb!19sChIJ2Tj8kW_ND4gRLL81cg2sjzo?authuser=0&hl=en&rclk=1,Stan Mansion,4.7,-559,Wedding venue,2408 N Kedzie Blvd,⋅ Opens 11 AM Sun,https://lh5.googleusercontent.com/p/AF1QipNMmW8ozMaYs9wEBrnHIVsCvqn_m1qq3Xl3uc9b=w137-h92-k-no,"""Good looking facility would return for other events."""
https://www.google.com/maps/place/Copernicus+Center/data=!4m7!3m6!1s0x880fcc19b59aa347:0x3724378dfabc9f4b!8m2!3d41.9682754!4d-87.7588182!16s%2Fm%2F02w2_p8!19sChIJR6OatRnMD4gRS5-8-o03JDc?authuser=0&hl=en&rclk=1,Copernicus Center,4.5,"-1,729",Conference center,5216 W Lawrence Ave,⋅ Opens 8 AM Mon,https://lh5.googleusercontent.com/p/AF1QipM_CHT2IGSb6vHY1V9vR-Ar2JhCqecpR9TN6Y0=w163-h92-k-no,"""Amazing place for concerts and conferences."""
https://www.google.com/maps/place/Morgan+MFG/data=!4m7!3m6!1s0x880e2cd114cf975d:0xa02d8c13f728f40b!8m2!3d41.8895808!4d-87.6516783!16s%2Fg%2F11b67ghnr4!19sChIJXZfPFNEsDogRC_Qo9xOMLaA?authuser=0&hl=en&rclk=1,Morgan MFG,4.6,-475,Event venue,401 N Morgan St Suite #100,,https://lh5.googleusercontent.com/p/AF1QipMXedBunlLr_uJ-p3A7YjsfDLy6chvnAEf_XqmB=w138-h92-k-no,"""... an interesting space, but wasn't a great spot for a work"
"https://www.google.com/maps/place/Servcorp+155+North+Wacker+Drive+-+Coworking,+Office+Suites+%26+Virtual+Offices/data=!4m7!3m6!1s0x880e2cb83a040b13:0x992dbe14ac6fe53!8m2!3d41.8847452!4d-87.6363365!16s%2Fg%2F11_t2ggmd!19sChIJEwsEOrgsDogRU_7GSuHbkgk?authuser=0&hl=en&rclk=1","Servcorp 155 North Wacker Drive - Coworking, Office Suites & Virtual Offices",4.8,-48,Conference center,155 N Wacker Dr suite 4250,⋅ Opens 8:30 AM Mon,https://lh5.googleusercontent.com/p/AF1QipPTtmIkB51-QnZdQ1WEh6Cegz7aoQT-gWrqsPDk=w137-h92-k-no,Onsite services
https://www.google.com/maps/place/The+Joinery/data=!4m7!3m6!1s0x880fd2989e18eb9b:0xe76c8d54c4715e2f!8m2!3d41.9165208!4d-87.6911874!16s%2Fg%2F11c2nrn886!19sChIJm-sYnpjSD4gRL15xxFSNbOc?authuser=0&hl=en&rclk=1,The Joinery,4.7,-123,Event venue,2533 W Homer St,⋅ Closes 12 AM,https://lh5.googleusercontent.com/p/AF1QipNHfU48f2Iv3GASwIl9O2tPOS8UOUFtK3ecFNP7=w138-h92-k-no,
https://www.google.com/maps/place/Conference+Center/data=!4m7!3m6!1s0x880b71ba9b65fe23:0x28e45a97d7b8b71b!8m2!3d40.4965019!4d-88.9896689!16s%2Fg%2F11fm38sdr4!19sChIJI_5lm7pxC4gRG7e415da5Cg?authuser=0&hl=en&rclk=1,Conference Center,,,Conference center,,,https://streetviewpixels-pa.googleapis.com/v1/thumbnail?panoid=iqj46ORJUC8Db1TdImwWUg&cb_client=search.gws-prod.gps&w=80&h=92&yaw=262.3008&pitch=0&thumbfov=100,
"https://www.google.com/maps/place/Servcorp+River+Point+-+Coworking,+Office+Suites+%26+Virtual+Offices/data=!4m7!3m6!1s0x880e2cc80bf08f67:0xbfa1c0ba0a3f480e!8m2!3d41.8862429!4d-87.6395364!16s%2Fg%2F11c1nq_8jm!19sChIJZ4_wC8gsDogRDkg_CrrAob8?authuser=0&hl=en&rclk=1","Servcorp River Point - Coworking, Office Suites & Virtual Offices",4.8,-36,Conference center,"444 West Lake Street, Suite 1700, 17th floor",⋅ Opens 8:30 AM Mon,https://lh5.googleusercontent.com/p/AF1QipODeyhj6oB_QN_RdEsrwrV7jvKd-kSNq_r0aZqz=w152-h92-k-no,"""ServCorp Chicago Riverpoint center is a wonderful place to ..."""
https://www.google.com/maps/place/Art+Room+Events/data=!4m7!3m6!1s0x880fd2c76a318b47:0x8fc306538436949b!8m2!3d41.8890804!4d-87.6728418!16s%2Fg%2F11c1s9gwt4!19sChIJR4sxasfSD4gRm5Q2hFMGw48?authuser=0&hl=en&rclk=1,Art Room Events,4.9,-31,Event management company,1821 W Hubbard St,⋅ Closes 7 PM,https://lh5.googleusercontent.com/p/AF1QipPACX_NhXGTmbmPexCoVifw2bMLjf3hLenZvszA=w122-h92-k-no,Onsite services
https://www.google.com/maps/place/The+Geraghty/data=!4m7!3m6!1s0x880e2d9801f51a83:0xd0f818d84254abcf!8m2!3d41.8457036!4d-87.6786352!16s%2Fg%2F11b861mf7x!19sChIJgxr1AZgtDogRz6tUQtgY-NA?authuser=0&hl=en&rclk=1,The Geraghty,4.7,-332,Conference center,2520 S Hoyne Ave,⋅ Opens 8:30 AM Mon,https://lh5.googleusercontent.com/p/AF1QipMFaAhQ-kDTcB99OAJ-ZntH9vMU-EyPgTlp-TFJ=w138-h92-k-no,"""It was sectioned perfectly for the conference's day to day operation."""
https://www.google.com/maps/place/Morgan%27s+on+Fulton/data=!4m7!3m6!1s0x880e2cd0921a7da9:0xf17844a2d8c2675!8m2!3d41.886913!4d-87.6519584!16s%2Fg%2F11c3k9x_fx!19sChIJqX0aktAsDogRdSaMLUqEFw8?authuser=0&hl=en&rclk=1,Morgan's on Fulton,4.7,-154,Conference center,950 W Fulton St,⋅ Opens 10 AM Mon,https://lh5.googleusercontent.com/p/AF1QipMtX82_KZbL2me6cnXqdbMgMij6dwojsVgL4h4O=w163-h92-k-no,"""The ceremony room was indoors but sunlit and beautiful, however ..."""
https://www.google.com/maps/place/Marriott+Marquis+Chicago/data=!4m7!3m6!1s0x880e2c7faee6dc13:0x3431ad87f88215cd!8m2!3d41.8540186!4d-87.6205363!16s%2Fg%2F11cs1f408n!19sChIJE9zmrn8sDogRzRWC-IetMTQ?authuser=0&hl=en&rclk=1,Marriott Marquis Chicago,4.6,"-3,130",4-star hotel,2121 S Prairie Ave,,https://lh5.googleusercontent.com/p/AF1QipNFegJyZJ2moe3N2y96JmK59L-Gj_J-k3lIzkk=w138-h92-k-no,"""Extremely convenient to the McCormick"
https://www.google.com/maps/place/620+North+LaSalle+Office+Spaces/data=!4m7!3m6!1s0x880e2d122225de0f:0xe2a497a6b19b4af4!8m2!3d41.8929706!4d-87.6330173!16s%2Fg%2F11r7xtn9kq!19sChIJD94lIhItDogR9EqbsaaXpOI?authuser=0&hl=en&rclk=1,620 North LaSalle Office Spaces,5,-29,Conference center,620 N La Salle Dr,⋅ Opens 9 AM Mon,https://lh5.googleusercontent.com/p/AF1QipPJ2HVwB6Z-ehhbD_uQRZmQnYxf85AGK_m9UhkM=w138-h92-k-no,Onsite services
"https://www.google.com/maps/place/InterContinental+Chicago+Magnificent+Mile,+an+IHG+Hotel/data=!4m7!3m6!1s0x880e2cac0e1257b9:0x828ce9c1f3602ee3!8m2!3d41.8911399!4d-87.6238708!16s%2Fm%2F027cw84!19sChIJuVcSDqwsDogR4y5g88HpjII?authuser=0&hl=en&rclk=1","InterContinental Chicago Magnificent Mile, an IHG Hotel",4.4,"-4,685",4-star hotel,505 N Michigan Ave,,https://lh5.googleusercontent.com/p/AF1QipOnFWBAFYfA_dtdodCQZRWou1SkE1TsfI7W2bMr=w138-h92-k-no,"""The catering food at the conference was very good."""
https://www.google.com/maps/place/Carr+Workplaces+AON+Center+-+Coworking+%26+Office+Space/data=!4m7!3m6!1s0x880e2ca626b0bc39:0x96790522f6e0ec1c!8m2!3d41.8852827!4d-87.6215123!16s%2Fg%2F113f82n8x!19sChIJObywJqYsDogRHOzg9iIFeZY?authuser=0&hl=en&rclk=1,Carr Workplaces AON Center - Coworking & Office Space,4.9,-33,Conference center,200 E Randolph St Ste 5100,⋅ Opens 8 AM Mon,https://lh5.googleusercontent.com/p/AF1QipMRZlrjxHbZu3cXpLRpO8eVYBztAnEc24lu6Mge=w163-h92-k-no,Onsite services
"https://www.google.com/maps/place/Holiday+Inn+Chicago+Dwtn+Wolf+Point,+an+IHG+Hotel/data=!4m7!3m6!1s0x880e2cb7ca30a3ff:0x3936cc667d8556f!8m2!3d41.8880787!4d-87.6383137!16s%2Fg%2F1jkyjgm9j!19sChIJ_6MwyrcsDogRb1XYZ8ZskwM?authuser=0&hl=en&rclk=1","Holiday Inn Chicago Dwtn Wolf Point, an IHG Hotel",4.3,"-2,868",3-star hotel,350 W Wolf Point Plaza Building 2,,https://lh5.googleusercontent.com/p/AF1QipNAVvz1iL1sxDx0rSadeGIxthH2qtpjEML2M24s=w138-h92-k-no,"""Staff were great but the AC in the room was super load when it kicked on."""
https://www.google.com/maps/place/SDI+Meetings+%26+Incentives/data=!4m7!3m6!1s0x880e2cb3572676fd:0x5ba8c45585374956!8m2!3d41.8884556!4d-87.6275645!16s%2Fg%2F1xcbq646!19sChIJ_XYmV7MsDogRVkk3hVXEqFs?authuser=0&hl=en&rclk=1,SDI Meetings & Incentives,,,Conference center,330 N Wabash Ave #2000,⋅ Opens 8 AM Mon,https://lh5.googleusercontent.com/p/AF1QipMtNxKx9wTs_Oc0kGMyYKDJEj64w-rzMO6z7SQ=w92-h92-k-no,Onsite services
https://www.google.com/maps/place/Wacker+Drive+Executive+Suites/data=!4m7!3m6!1s0x880e2cbf30f99975:0xbcd91f448439ee71!8m2!3d41.8797321!4d-87.6364234!16s%2Fg%2F1wb8v8fp!19sChIJdZn5ML8sDogRce45hEQf2bw?authuser=0&hl=en&rclk=1,Wacker Drive Executive Suites,4.2,-5,Conference center,125 S Wacker Dr,,https://lh5.googleusercontent.com/p/AF1QipPhmMEx6ZZh6eKLUKK-YN7GEeu5OtAS1Kb9iKqB=w163-h92-k-no,
https://www.google.com/maps/place/The+Ivy+Hotel/data=!4m7!3m6!1s0x880e2cab049f2c35:0x3249de2ba1b9e82b!8m2!3d41.8932083!4d-87.6214611!16s%2Fg%2F1hc27g5rb!19sChIJNSyfBKssDogRK-i5oSveSTI?authuser=0&hl=en&rclk=1,The Ivy Hotel,4.1,"-1,028",4-star hotel,233 E Ontario St,,https://lh5.googleusercontent.com/p/AF1QipMI-9afK-Nqnm8etc7KmQj97O7T-6d0YPEFRhCD=w138-h92-k-no,"""Stayed here for a few nights while in town for a conference."""
https://www.google.com/maps/place/Loews+Chicago+Hotel/data=!4m7!3m6!1s0x880e2ca9ff481693:0x7be18d3e71cce3ec!8m2!3d41.8901907!4d-87.6190808!16s%2Fg%2F11b6hkmbgk!19sChIJkxZI_6ksDogR7OPMcT6N4Xs?authuser=0&hl=en&rclk=1,Loews Chicago Hotel,4.6,"-3,581",4-star hotel,455 N Park Dr,,https://lh3.googleusercontent.com/gps-proxy/ALd4DhGX3Y65uji90fyEpNPeC4NDfMIodo5Noov1Kbqku9MV3f1nKidpGONC9VQDEM_iDjUza5-ReqNPLO20BC7fyN_iyBmMlNFXD4TQ0NlvLYXjUgtilYMWXatXcDl_ZemWoa5yF4z7F92_sUiWYYQSai2A8X6iSNOzZsoyCFGIb8qZuhmD-7JToUf0=w138-h92-k-no,"""A perfect location for a small conference."""
https://www.google.com/maps/place/Amata+Offices+%7C+W+Wacker+-+Shared+Office+Suites+%26+Admin+Services/data=!4m7!3m6!1s0x880e2cb9a74cae35:0xdb39f5181a957cb4!8m2!3d41.8864228!4d-87.6307475!16s%2Fg%2F1tdz9_j8!19sChIJNa5Mp7ksDogRtHyVGhj1Ods?authuser=0&hl=en&rclk=1,Amata Offices | W Wacker - Shared Office Suites & Admin Services,4.6,-17,Conference center,77 W Wacker Dr Ste 4500,⋅ Opens 7 AM Mon,https://lh5.googleusercontent.com/p/AF1QipPiKCC-LejrxGavceu0B_tpxIb4JryA3uvLOE4M=w138-h92-k-no,Onsite services
https://www.google.com/maps/place/The+Wheeler+Mansion/data=!4m7!3m6!1s0x880e2c7fe3ff3aed:0x355f9387d2b8d9c7!8m2!3d41.8549017!4d-87.619381!16s%2Fm%2F02vl2hb!19sChIJ7Tr_438sDogRx9m40oeTXzU?authuser=0&hl=en&rclk=1,The Wheeler Mansion,4.2,-114,4-star hotel,2020 S Calumet Ave,,https://lh5.googleusercontent.com/p/AF1QipMXnSEvCJKNxIcjdV2R1HLOlvx4TO8u2S6uRO7i=w80-h106-k-no,"""A 6-minute drive from McCormick Place"
"https://www.google.com/maps/place/Crowne+Plaza+Chicago+West+Loop,+an+IHG+Hotel/data=!4m7!3m6!1s0x880e2cc49655b94d:0xc0bca375f7cf0548!8m2!3d41.880866!4d-87.6469826!16s%2Fg%2F1tdr3x7h!19sChIJTblVlsQsDogRSAXP93WjvMA?authuser=0&hl=en&rclk=1","Crowne Plaza Chicago West Loop, an IHG Hotel",3.9,"-2,559",4-star hotel,25 S Halsted St,,https://lh5.googleusercontent.com/p/AF1QipNFGl1mru9rk85J5cA8txQliVyf0v3OIbHgTaFt=w138-h92-k-no,"""Conference layout was phenomenal"""
https://www.google.com/maps/place/Spertus+Institute+for+Jewish+Learning+and+Leadership/data=!4m7!3m6!1s0x880e2c98c1785241:0x6a2ed8fef11efe06!8m2!3d41.8737993!4d-87.6244479!16s%2Fm%2F02vxyc9!19sChIJQVJ4wZgsDogRBv4e8f7YLmo?authuser=0&hl=en&rclk=1,Spertus Institute for Jewish Learning and Leadership,5,-8,University,610 Michigan Ave,⋅ Opens 9 AM Mon,https://lh5.googleusercontent.com/p/AF1QipNJaE_vV_2Ibz4gWewE8LCjwQK6XVlusion9mZ3=w80-h120-k-no,
https://www.google.com/maps/place/David+L.+Lawrence+Convention+Center/data=!4m7!3m6!1s0x8834f3e2eb0a8de7:0x36ba9693af60a61!8m2!3d40.4455472!4d-79.9962844!16zL20vMDd6enlj!19sChIJ540K6-LzNIgRYQr2OmmpawM?authuser=0&hl=en&rclk=1,David L. Lawrence Convention Center,4.5,"-3,570",Convention center,1000 Fort Duquesne Blvd,⋅ 5 PM ⋅ Opens 8 AM Mon,https://lh5.googleusercontent.com/p/AF1QipNelWhkGnUmgbSBYF0oAM1rPO-kDr3IetTnPRMv=w163-h92-k-no,"""Nice conference center in the heart of downtown."""